text_0,text_1,text_2
vgcau1972wuw,a7q1519792n6,i7rrojo16b
moqgq1922mmp,92jh81946vt8,foorojo18
xtkxk1912pzz,feekc2015e32,5rojo4d
kzjcx1992ebd,p3lg71995ecf,x9azulx3
fgfst1929fyk,2653j190894w,eaazul7t
dktno1994cxc,19744191672r,y5azul516
tttul1945zvz,e85z6199637d,9rojo5
gtfjz1999zle,58zrh1980yzj,5iblancoc1
ydkzy1896xyt,59k391941ys5,e1sblancosx
gkezd2009ets,9ahla1945a18,nxdrojo7v
afyhy1981ugt,666952003yjl,76qblancox8
tkdmg1903iky,2481m200489h,l9rojomw5
pidhl2013fgj,wpb5518999r1,8blancok
oliho1923pll,3q8c41996347,84blanco2ah
iwujz1965mcw,gx3x71907126,6wdblanco856
jwpwt1960ypy,k1s521977744,qnrojoy7
abkwx1939nnw,is7961918sss,72rojo2t
rafkq2013zhk,8ats6201093y,b5rojos
vnwwe1992uad,628h818988y9,coblancoy
hdxfv1989mhz,n9454199096b,3rojoo
nctgo1926ssc,g9md21990ft6,uxdazulr
wthez1989ajh,21s482018q6f,l8rojo64
ctoot1919wik,9zx2u1901er2,8rojopf
iiwwg1944lrw,87kct1945f9p,eblancok7
mvztp1974txa,o228m1931tpf,nazul81
blwod1959ypz,4y3651922o1b,hj4blanco1h
fclbq2020wll,3ebgo1964415,ublanco566
qdexy2006kgw,zqv26197521f,t7sazul7b
dwflm1904wxq,dm92s20124us,3azulr
xjqdt1903gps,re3b218934oj,2trojozu
uyzhv1950bna,8u7o319493z2,4srojo6d4
webbt1914etz,cs72619358x9,264rojo4s
zkxal1984eyf,kvkd72001pd4,qzgazulb9
uvwro1896ppk,2ldq319354hl,p89blancoul
xjsdj1931xsg,3732f1982i66,68blanco34
ghnau1942rra,bri9u19817qc,oj3azul6
xggjn1901fpu,3hbqo1951789,urojo4
lfena2009jtg,a86xq20036i8,xcblanco2u
lnzqg1919gby,962h9191992w,esazulvsq
txadj1988pyx,strv12002k7c,7q6azul17
orsxi2020ged,w6o781996273,6rojo3
dzcfk1955ihi,x5i231912m9l,btazul962
kbgcm1967bhu,6611r194396i,7eblanco61
jqxhm2020ffl,xw5th194215i,45jblancoe8
upiqr1992jkw,j29451900ynj,9azuldl
rcrby1939zbm,7ph7c1978ug8,2rojo9d
ydjfi1967mur,45ewh19421id,7rojotu
ladyz2015bid,623y1192286r,m34blanco8yl
chmqq1925hyw,6m22219277aj,iazul6m
ojpks1964fpd,37oc61919bma,56grojoe8k
gjplp2013stl,6654l2003o3k,rblanco6
objbw1927hto,zplob1994jbz,y5azul2
rrvjo1972qeq,w49681949ekn,qrojo97
izwrl1903ciy,768751907o2s,55blanco2
qawpk2015htr,7g87e1921zpy,kblanco7z
bqhxk1895yqg,bpx361895fr7,qwrojouj9
oxcst1980bqz,35fp919002d9,2tjblanco22
rbqiz1976vvq,7h1h319064q1,q5azulj
adhpd1949prd,t1618201976b,92azulcr
gwzfj1899sfk,t4z781967a4j,v5blanco31
hhexq1931lhp,es968194736j,4rojo7p
xbhrz2016rco,38i2q1941hpr,l7rojor4e
jzgiu1952rpo,2u6zb194029f,18azul8k
zqijb2008wbj,p5oe819583h5,a7pazulp4
zpvtc2007nyr,zcuo31963369,dwoazul8xv
cxlnh1984qzk,vi56c1993nrh,8rojo8
pbiie1942wui,ih9ix1905h46,q9azul84
ybpcb1964frh,o11ep1982594,r22azulr7
cpmwi1998pyd,f98nv1950163,hazuljj
wcrpv1969cbs,3wjl61972u65,m5jrojo9c
gbohy1936nbp,urq121904qq6,9hrojoy
xmoiz1955npp,9rq431964dp8,5w4blancoo5
ifzmw1953uxc,zga1c19551qk,843blancof
esifp1923qwm,7uc7o1948851,2vrojo32
fykxw1995tij,l8n4a192755y,6kblanco3mi
yjcjg1997kub,x856y1937396,72gazulx2
qkyxj1891qas,d1z84196034e,fblancop
rkuwh1909adm,wqaya1969e6c,8zblanco1t
jkavm1912qel,e693319704g1,43rojoz
ijtla1947pzo,d94181908rg7,t7rojoi
mfhsf1974dxw,7k2yi19698i2,191blanco6
zjlcx1901nya,dch451937j5g,hurojoq6
irqop1940ais,47fhw1985218,ziblancob1
uxewr1914rfd,73w251907f3y,p4rojol
ruqjf1941tvr,14cj5192436b,sazul3
cuylt1946daj,37a5p2010o89,6azul47
mkvfl1895huh,48o552005r86,1azulvv
uncww1985sbo,6579l1916dyd,dhbazul6
goggq1979chy,c64221989s7a,9ysblanco51
wmetb1944vib,shf9t1963qmq,nurojop
davnk1960huz,t9f1119093e9,lazul8
ybofa1909idw,sc3111951875,4azul7nq
vglre1947jhn,nb2k319003q5,18blancoqt2
ukpud1954gph,c471u1910w9c,62blanco3
isauy1942dmd,294261952d65,8jazul7o
fivzj1962qft,of5nw1901m2j,k4iazuls7a
debwv2012aeg,xt5j319404au,o11rojo23
iyxqv2010kcg,tjk2s19411gd,348rojo8bd
jkmzu1919wke,95dj5191755p,n1wrojo38
sndhu1974iwt,qg5371961pv6,zbazulw
lzqxi1994lks,ci81k19298f2,yrojo48a
hhbdw1999izp,g577b1969iyb,4kblancojwg
ivbia1924bhz,tf2wz191161m,crojo77e
nqzdy2019oqa,as6wo1999x23,6jrojor
ypvbt1996pwc,r4ad72010c35,n6blanco35
wzdmc2008oah,167b81914qzx,krojoob
lnegz1912vew,l7w3e19104ol,p17blancod3
ojiag1958iok,163981994g34,b1azul48
aqgik1952ohx,txi6720163k7,1azulw3
apfvn1951kha,49er3196639w,5m5blancow8
scbxw1914drr,x6w3d19564pl,9fazul2
dqxfu1947htm,wq89b1954s6d,l6uazulbnj
jrwzn2020ube,3b86419132sj,ty1rojoof
qrcjs2005nwn,dc4jp19151a6,e18rojoid
wqpqw1984dcj,p9rv21927oi1,3mblancof
rlvfu1990wik,v4wd51933529,jblancob3
kyvvg1898tcf,chl5m2008h6q,q6azulno
zlghg1925qkv,26qpq1948ef8,61azulck
myayi2002brg,9sqk42021755,3qrojo88
vkfma1959omh,8p8531937388,ll4blancouf
btsrq1986hfr,73gef1993c94,zxblancovu
qzmpv1907czh,x15fk1994pe1,4j4rojo85
xmdfm1937bil,4ha2x200756l,2nblanco4c
xgdxp1919wft,8iwg11910n4t,59blanco79
rwhzb1901hpr,yw7h219364i3,9azul8i
zkwmf1922rwz,wx2o418989lz,fkfrojoz
qcjys2009nij,uko271893oka,685azul7
hpcsv1956spo,1ft8x1900941,n6rojor
aofmj2019nia,28o7919423fl,i7rojoe9d
xcsox1927pmg,s3l6r2017932,irojo73
waomn1905bcy,2o1lk189815w,3rojo8p1
njyri1981knc,van341963739,9gazulms
rwtbu1993ags,b7fm31969o42,jysrojo8
vmjnl1939apz,664281950aj3,1yazul222
kymsj1947vsg,dug4n1957n3w,irojovn
tzodl2004zmm,kp53s1958a46,4iazul2
demou1926cgu,hi7911900351,wblancotfo
tzmhs1969qdv,8k6b9191286a,6vrojo8
zgsqt2004pjw,6d6zv192434e,wxazul3v
eowha1933mbe,13h281966785,h8eazul1
cccry1916ikl,7k26l1953ii3,pcblancoi9
xuktv1914gzi,1i8f519467f1,37azul9k
yperz2008fnm,ax6l91896dse,5yyrojom6
lhvhh2011mdg,9xbht1938li7,73blanco43
iirhb1946nwe,9qu21196126u,hgblancotu6
nphiq1944ejl,s524920206h5,4lazulw
tzxnf1941aab,3p95i1893t6o,kemblancol7
lzyqx1987xlv,11x951914oq8,jrojow
lrlpq1994nyl,nferm2011557,2dazule1
ejezl1966afr,2y79719668gy,p66blancop4w
mfjfe2019cmy,11xso1922j63,7tblanco153
llzmb2016lxy,vh34k191981e,7urojoz
osqvj1919urj,q4woq189545y,7wblancofy
nepbk1987rra,873q519686o1,5blanco49
xwivy1896tao,dl2tx1954i5q,16mrojow53
oauuj1996ubm,bjwd619798xs,gtazulk85
ekguc1916uti,usa731986673,34trojo8f
wxbvd2019amu,i34v21891h2w,jf7azul63
jltbh1999ise,i5c191900s66,l8rojovq
vcmvz1925edu,y3hqy1942447,dblancobn
xmhhy1974ayd,31299198177m,jaazul4
nktcr1946pax,5fk351966e18,551blancowu
dzeqs1918ybv,28g111949h1r,6wblanco4at
jejxx1937ylt,t3v4119263x5,onrojoxh1
bajoe1975tja,a32g71965ff7,831blancowi9
emasx1966lzk,75v8u1902ama,vxrojo754
pwgws1978okn,59a9a1916949,v2azuly6
yovzb1935jzx,2l1q32020w3x,f7rojo7
llrca1917wbo,d76bx1977422,b1rojou7
xlcfb1992aiv,7v9xw1914y22,7blanco2b
chdts1987apf,coa6j1929181,3azulyh
noghm1990mld,opc961901771,lhblanco78
uuflp1935vwx,5163w20056k6,o46azul8x
bbctb1908hle,v1v3z1947e8a,trojo6vl
ymlum2021eaj,u8b3j20054h2,1jrojo1
xddqr1939hjp,85n6r191765u,5kblanco61
bctez1991enn,j16852013345,4nhblancogt
subdv1953vqy,6715a1917n1d,w9rojo26
cheve1992edk,oj66k1917i3i,azgazull2
nnnpw1920hqz,db6sq2012qhx,79azul91
nniym1963hvo,eo2sz1972tx4,3nrojov
byzud1894xhv,619c2191969c,2qgblancob3
jlvaj1975arl,9zkd32008dp1,ewdblanco91
vpvjp1912dtm,9jfjo1897k1p,2nblancortb
kmipq1935cfx,mp87a2002a94,52tblancow4x
nbibx1898lnq,iwe191994v2a,qblancof
ppish1892uui,y1417201356h,17rojo56
fgtkn1991rqv,81yu41933tl5,kazulj2f
gndrv1935knn,3a51e2001vj4,zblanco3
ntptj2006opr,13xt72018vo8,gfoblanco8x
ahxps1938zjy,lj3711915scz,7blanco2
sxpbc2004mrt,y3p5x1899rb9,4c5rojoh8
hphqk1950gzo,j9v3y1922834,8rrojo5b
srbum1988kxh,i72aq19982v5,4mazul3r
wgwqp2017daq,9nwpe1922ic1,128blancow
nrgww1929hul,dn1c71994x53,5a4azuld9
guajg1926kla,p9c7t1958537,3rojon6
ucuhu1939bwn,bol431959cp7,68blancopl
vgogx1999tnj,eloix1944zym,p2azulmm
bkdig1956fyy,h3xi81978r5v,sblancoymh
gfhhu2011rrx,41oi81932l4p,3nazul8
afvwm1899awg,twq8i1934d3o,4ablanco73x
lapxp1902czu,dw53p1945ei9,4rojon67
qibla1990bmb,au2y32011yoz,w8azuls2
vbdei1940qqz,nr19d200481j,39blancort
dptdb1977fvg,2fbg62020bps,6rojop6
ugskv1992mhk,5i9is2006425,67gblanco2
wnuwy1934wpg,9tvq21915fs6,gferojo4lr
acfxu1904zay,e114t190435s,1blancovj8
aoblr2007auf,ok77119903ua,m65blanco63
clufu2002pdr,2zo151962s17,7o7rojor8
xdztg1981zoi,dkn841949532,89rojo4w
wgrmb1909kaa,s8vl11940wps,orojo4u
zierx1990jue,26mm71897845,3kazul92
pwfxp1965gom,1fr721969b93,g3blancoz
ojnlv1903sjj,34a9x19041cg,7rojos6i
feaso1952qwu,1g66b2004l21,5jerojoao
dqezl1932yyf,f24sa1967i46,h7wrojo99
qnvfi1997vfi,pti5p2006aw5,yazul8
gvzjp1964ani,d8o1320095zf,jbblanco6
sfcya2001gbl,y983z1906wc4,3ublancohgn
zpxbu1984irx,638w919727tf,u9azul16
nuisu2009acz,9q19p196011d,95rojo6
srolh1963atp,aa7ub1932o4l,pg1azulh
valqf1890vbz,48r5f19527i7,6lrojo2
qcqav1973wlk,ecp9v1890lbj,72rojoddc
zugei1942uty,ao86319312kn,lsblancoc4
qqreo1990xmt,jg5211925c4z,iazul76h
yjezk1904jso,9k39c19142d8,j6rojoj8
wyxod1925ylq,8383q2000por,6arojo45
cvxdk1971tmd,113ok19449y9,6rblancoa
flfkq1897vbu,6ahk31902v29,q5azulss6
fnguk1905xwk,f3ke21995z14,s2blanco445
tamlw2005nkt,yp2141952x51,o4cazul7ch
reztj1906hsx,196251982k23,4ocazul2l
ofqvf1996qgv,yeqq21916h9e,jazul1
zybjv1896cpq,2qx8u20085g4,86azul2n
mciyo1971uzu,59ysc1977548,2kazul11
lwmsg2004ewi,5l11819023y3,h5azulou7
mcbew1916tln,jg151197717x,w45rojo12
iqzxg1899pxp,8536619106g2,38rojo2
oypel1991lss,i1ogq19528bd,l7azul8q
jsfjf1936spq,8wbw71995mix,7qrojo333
hhqac1920npa,77zj91993a41,94azulo
jkvjg1952fwx,bi54d2004f49,9crojo8
thoij2004dal,9z7a6200845v,x4blancox3j
jdxkp1932ynf,e68q41943i5m,5jblanco57
kentu1949oaw,krfwl19137u2,17azuli8
blrxp1941xsx,m1fii198768m,o5blanco2
lrerl1939nzp,o31tl1960v67,71azul972
tnejf1908jko,i2n882003aoa,wxrojo96l
cmqbt1919xgu,9uzja2016ung,1u7azulp2
wljqa1967ooj,2225b1944fl4,wz3azuls3
azvdn1995fda,896uj190343d,9ublancomv
doxat1959dof,e837w2004vj8,dblancob
cyjwm1941ufu,gi5i61945as1,bazul37t
ytxlm2002sgn,712g81965u1q,46rojo33
eilme1905weu,rdh731912d48,l2rojoks
sdfap1968nep,kosk719296y6,6wkazuly4
zrziy1893pvg,ekw7f18967l6,7cazul13
mipze1990yib,23wk11999yp9,8rojolx
serat1961aes,huk5u2020t1u,e8blancozi
aeeaf1954zdg,8797x1917o89,8y2rojoy
sshkk1988ezb,mee7q19945j5,6grojo11
lekff1981qtq,582421997724,89rojo2a
arywc1968vdl,pf45c2013b4v,qgrojoq9
pswvp1987orz,hr9252017z4o,t83azulag
jollz1996ujn,yh1j719249c6,231blancoh2h
bjjii1993jqb,921rx1937b5z,z9mblanco1p
fbhfp1908fzh,29ke71928xt8,w63blanco8y
ppdly1901gee,ln2i41978164,5u8azulh8i
jaqwb1970fky,39bmd1933729,6krojof
lvcnt2014xql,2s4hc1898378,3srojog2
mczek1981ehz,7p2661939zv9,9blancoa1
ljqni1904xfb,5ma2r1940lh6,1rojo33
nfqhl1936eqi,p9bq41923fne,w1azul933
wxgpc1896rxo,v5y511997p98,f86azul3d
ogitd1994fzj,88gp61983y91,tm1azulux
kynsy1917eia,rqkom1931pm9,59rojo76
zbati1942jdg,z263d1962185,333blanco9
cuzez1946kae,xk7xl1933m9r,3vrojoz8
gjzoi2003ido,ig31c1985xls,vprojoh9z
dpwwd2014aiq,867t81972463,7nazul45
pdrzi2020znm,vz8v72003g9e,c1crojozm
iyxjf1929dsj,93kq21958sxs,nblanco92
grcyf1903tjr,9942e1994k1e,5rojo3a
moynq2001lej,p64p719241zo,8mblanco9u
cosyv1947grx,1743s1968y3w,72rojo8
ueeuh1930bxa,pl74p19584ai,kvblancoyw
rcznv1891ipy,jmn7h2015d7l,19qazulp9h
tbhmz1897ssm,mtibn1929ali,t3rojoy
eqtyo1948oiu,7146420039bd,7azul4vh
pebfk1962tva,i692a1932dzu,82azuluk
nkpiv1948ojo,91x5i19096dk,tkpazul98b
xzrgd1963nji,be4e819185qf,i61azuli
yqsfh2005uwp,7r6ij201639x,52rojoq4p
dkfzm2008fhl,5jdzq2004fx6,u9azulfj
xklcp1894gbs,zv7d51950z5n,5nazul1b
cmhux1950ixe,8t4c81893tq5,w4rojotaf
kixag1961akk,5fvqx1987xo3,5rojoq1
pftcw1980bwu,5i5ua20163hx,smblanco9w
rixba1958flv,3bv8u19032u9,grojovq
acigl1951nwx,u2l171925zx8,krojo5s
xmixr1908xys,i798y195982t,dblanco1
kdqft1916dso,2549m19832sg,3projosa
zifyu1919oxu,5196620099v5,fmrojoj
hxgdi1915fru,g872q20058o3,hazul8c
hunre2003dqh,36158190665x,toyrojol
gjnao1972cxy,4a24519321xi,3gazulz
hkoug2018fnl,25s16191327x,qn7azulm3
quqdm1982jsa,18vpm1966324,5k6rojooa
zchmy1941tyi,z3e3719568r8,wrojoj5
wemtf2013faq,339o8189296i,5g4rojo1w
twlvt2017oqh,w1a531903a24,mrojowm
jmkdw1960zop,48gel19473x4,8blancoi5b
ecgld1949vko,jp26y1990h1v,k3blanco85
lanfv1921pnf,mv86a1948ibg,sazul66
jntbj1935xgp,72pn9193015k,eazulx9
wrgfq1944jmw,2v75p1940bz7,81azul16
ukkdw1979iwy,1666r1964x3v,w9blanco4y6
rdxnt1944bsu,ityma1990l39,wazulbi
qugrp1910gve,i2qd119212et,7rojo77
olzqd2011hqq,482p81992dul,p7blanco78z
mcxkw1940wlg,593m21956dc7,8qazul9p
ehhbp1943hzz,v4a5i1911c9x,yzrojoulz
cksmt1911oht,jh1va197522c,byazul629
hxmcr1923dmd,p7pp219598z1,32blancos49
samds1968ujf,thgwb1930wdw,iblanco62
devzc1891mcd,9619e20004e4,q6srojo2
ypuok2001pib,v99731940p28,k4blancob3
nkkjl2019ghg,fcfx22016era,9azulb32
uepcm1948xiw,dnln4197913x,dazuljn6
cveti1927umm,7opz5199686x,razul482
uyxxb1897hme,q14331927g8r,3jrojo3x
pocin1904vjn,amkzv1968tw9,4vazul9s8
qmcab2011ddt,gh9661907h3k,kazul72
aabnx1931wuz,c75rz1916psi,x1rojoa
golko1983yyh,69m4e2009u1w,6jrojoz
zmamk1892aoh,3w18619635y5,4hazulfl
sabbk1945igi,67afr1955f37,6dazulmy
hzohn1899jhd,e4vg41900h4x,39rojov
qmcbq1937nji,86rha1946vm2,i98rojox
xbywc1971ner,57w9d19248ga,uw1rojoo4
ligth1900mkx,9xm3b199878g,iv1azul78
zxzjt1894qem,8t7o719063qc,1azulq7
mcotc1948tea,6a1v91899boz,svarojo315
ofzbr1977hgn,wt9kh1986571,f6pazulcv
hqxfn1972xqg,94g3r1891288,61lblancoaw
gyxlv1999zup,zcw261991ia3,364blanco6q8
wwmml1952vtj,prc8519192xx,5wazuluu
yjpuw1941foj,me5412007x49,6vrojov
vabwe2019kfn,d3l741910cv2,rkrojo187
hrsfd1976nco,163k41894gg4,u8rojo1u
xjlap1945mgv,5l86319751q1,84azul5v
vmndg1985jcu,39yz21948656,ccublanco4
ocmtn2008iqp,i58851922wr1,82nrojon8
coibd1958ijg,1m22619785ry,ibblanco5b
gkgoq1903tgn,lkayo1952g5f,5xrojoos
ggzsf1994jdj,442q51900ibz,xhblanco35
blopl1957uak,3132h1925871,y5azul2l
llcwd1978sge,9xom6190634q,9p8rojop
onrwy1912hjd,r2ia81928qg3,s9rojoxne
jfuxi1994giw,5w28119927ud,87blancommk
jzxsc1917hsz,1z38819039kx,n7rojoief
ihcjm1896aep,147u11984u6o,2wblancojpg
aryle1963ioq,mb3131973971,78rojo7p
lssax1912nwz,8cs7h1931q9j,stblanco6o
xtead1896zvy,ve9j31996f96,chazul484
wygwv2016uhx,8l9e8189873l,tazul774
zevyz1951prx,2i96d1934895,4bblancoz
ovcnd2017gqw,421ao1935446,7bazul52
ixahr1966izq,j85ad2000787,9xblancos51
yzqjo1946tnv,zziis1910a11,gl5blanco16
svytp1999huc,361nv1990vwj,26azulo7
adhsx1944dvj,21mej19688h6,7hrojoaq
qwbyz1901wre,r9c761950323,x8rojov
czjew1982umo,154o419562rt,q1rojoq
uktjn1963qww,1mi6w19712do,ht5azul1d
odvxv1997kqs,77euy1895t44,j4azulsj
bkyfy1953gwf,mhk611966443,4blanco7
buyxg2013hzz,89d4i19128k9,f3rojov54
mdljq1946hlw,9xs3u190754a,wblanco5
iblsq1920uao,6iaav2009x23,o8rojo1
rsifv1891alw,hhf752018v7a,67urojotg
tlpul1999dmf,t1y8l19869aw,wxrojo8xh
aqhrz2014ghu,dp6a9200926f,u4azulz
qtglr1953gcd,8531319708vv,c1azul4u
wmktb2017hle,hij4s1944926,zazulkr6
oycvn2018ttb,qft2z1956743,l3blanco3
xyrkk1955mjb,yj7o31915m4w,72rojo26
juhao1926etb,s3n2r1895lv3,frojo7
mixfl1988nnu,x6g341952m3a,212azul7y
kxjvi1962alk,dnyeq19606cg,988rojo7
lzwns2013kpy,y7w271960p78,gyazulie
rfdla1999vct,je7i2197568j,j4blanco79
zveds1995twg,49e721897jyf,cmblanco53
shunc2012hzr,429tr1993dcl,69trojoy3
vvodb2017jla,7u6r41965iu1,1rojoo
yklrw1928umz,it3252015z3t,3blanco25c
nsemi1927hgc,ycgf71947799,38oblancoj7
rdwty1992qow,3u32w1939m6c,5irojo64q
pbwzm1900vcr,8c2ro19136bq,3l9blancoi4
vazwl1892tuu,dd33z2007689,uxurojoi
xtzea1902tef,39cot1898888,l6azull
bpfzk1993mlg,go5911904b54,58blancospv
ejsye1958vyb,5ch742003kd8,17orojo5
ooqwx1920ivi,7yiiu19534n2,95azulhn
njuyg1950hoa,w592719226zd,51vblanco4t
pyxah2018jla,h79tn19769gd,bjblanco9t
ohcfg1935tdj,kqq77198623b,puazul34
mkphq1912ddu,ws6451896584,4ofazulgi
gwova1958xfx,lt6p91969v92,3azula89
dwliq1975tlk,b9v451957ug3,2rojoo11
enuxq1906znf,8mvh81997znl,a7azuln
mldwc1970dwp,juz1x189742w,gazul1w
imbca1906cxw,vaa5c1957gq9,19blanco4s
hrkqw1977oal,u89cd2017pkf,yt4azul2
uxqun1919qmj,zt1id20018v3,6hmblancof2
btita1910ntx,gzl4420063z3,5mazulkcv
dgzei1905ask,vzc481990u89,1xblanco8
vpxel1945izm,9qd691958991,z5rojo1
nqxwe1914xxz,9me4d19913e1,4xblanco4l
iicgt2008lzw,ne7zt1995g14,1projo19
wcejh1998mif,7sj3s2003mnq,7azul2l
dnsjk1900bts,6fp591926558,93frojo1gh
xkdkt2016jdi,647f21920618,9rojo971
hnwoz1930ptr,4f2x119774y7,dazul8i5
eufsv2004pcg,87za81981q46,2erojo6t
qywtf1973jlc,fh6111897v6n,77azul98
weqjn1958tbf,7nosz20101rv,p8rojo9c
hfpru1942pxj,zg6q61993z37,39blancom2
ysuty2010qne,16fy11909q62,xqrojoxh
gwraa1987fgg,ifjn21959945,75azul68
ijndh1890knv,11ra2199269x,ut3rojo4f
regog1895gpt,56e4e1901l39,18blancosf
xspvv1946oce,pq77d1986zh9,gblancof14
snwxz1903cnx,9m94y1938333,3blancom1o
ffthu1924qmf,y354q2014au4,5mazul19
fyqom1961wys,8c7361998k1d,slrblancob
ewafh1905meb,o8b2220138ii,dazulp
sesgi1908kev,sghcg1951j4k,r5azuld3
rlylr1964gkc,4fbf81956tqn,zu4rojo4
vdbml1892ict,39lk8194236o,6rojo8e7
isdfs1971poj,9h31y1905lu2,9azulga
ddaqh2000zji,ph65z1983a5x,15blancos7i
ujgxr1940mrc,8g9l11921v2a,h7azulul
wqohh2018grf,4j9hk1992492,q5azulq9
fhbxg1903rdb,q62j11941z53,akyblancokc
gexhj1947vcq,1l47v1942h3w,e8blancoe9
zoqdo1948cul,5n6421961x7z,26azul8b
zdftx1969fid,e51za20186rr,2jblanco41
ffmdu1968hdm,mai371985no8,lgwazul4n8
xaglf1976alp,6214c1998z8n,abrojo6f
nyfht2012bwn,537w51998od9,fazuld4
sohyc1985gmk,etukg1911691,9v7azul4p7
mzgnv2001knt,564tm1929zfr,jazulh3
vdavy1983bjo,83uwq1916371,fazul8y
ntels1955ggr,vm6n72019w8g,3yrojou4
efhuy1956lcj,28o7119177h2,t1azul39
ikqxd2005yuj,327141997lkh,22azul4z
xxvvq1961thj,wy6v91906duu,6srojozr
fpeyr1906zqd,7r1141931bi1,ezkblancok9g
vbkoz1994txa,7q7c319388x9,e8wazul31
jvhrx1948haf,p319620091gj,qexazul7
dicnz2013kyc,21s851976u16,bblanco44
mrlfr1944jaj,14l4419654hj,frojoq6g
ruqjh2005yji,1126p18964x7,7azule
gphrc1926nlc,k572219648zr,7blanco76
xyyez1910uid,u5y2k19046u3,9x9rojo2
aocah1923poy,5y5251983mn3,onrojo1t5
ubndw1929oud,l4tm419587v5,ia5azuli
kxvag2011fxo,345351982ddf,39azul3
dnlof1937pau,skn611904yvp,73blanco6
slfhr1964fss,37h292004s82,81kblanco5
eglvb1900bsv,297o5197836t,5rojo1p
auciu1923xcy,274631939499,hmrojot89
bhqdb1895bgu,k7195189752d,2rojowzm
ftrep1939qwf,u3ig1191176a,1rojos
qbqdq1998cjq,zq58k1914755,zpzblanco8p
cpliy1920rqh,72u371992iau,3esazuli1
aiwzs1934mwq,9d3g41965853,83sazulg
tbnpa1898bhe,py7w4195922d,n2xblancov2
duhdb1940akl,li3ec1989b68,36tazulm4
uxfur1923trp,zk4y21945g63,vq8azul96
xkzqk2010pqu,8du5e1900367,4jblancom5
fqqtb1953bwb,gitox1985z82,2h1blanco2yk
rnnck1984slz,7e7ym2007688,6yazulz2
aikth1905hla,i5k3b20149gx,arojoc
ohleh2005rgs,97jax191857m,fblanco8
akkli1940oma,1jpe819062ah,r3rojoj
qxngs1965pie,w6yth1895vm7,4rojou
mqhwb1981klt,9mtxa1938oq6,58rojo9ae
ywobd1964zoi,dmdf61977ho1,4ublancop9
lnirb2013iit,8zxx71923zba,4azrojoj
gzuhh1940syb,cy7sd20135vm,projo7p
mthrw1976wds,2qut31922ie6,5ehblanco9i
utaqn1956neb,h2po519716fz,t56azul78
yrpsn1995frc,9br581951cby,239azul9
jgxtv1908nkq,mic2o1987m6n,9blancom31
hpsrw2008uug,114412005axg,814blancozpd
tsfdf1914exw,gyl3r1995e8d,w75azul48i
srobc1967cav,y13e41962334,b56blanco3yq
vlygl1940yfl,c35s819838pq,13azulaq
oaxdx1906oai,gi4fu1981pr5,lu5azulnr
tiqsh1902uzm,a19x21897gq5,ezrojo134
jzuld1995ygn,b8ql6194496x,43azulm5
xxali1957hmi,lhgts2001ihw,4azul8j5
cxqcv1907iwp,81b251931zs7,zazulm99
uoksi1963sei,8251o1921k3k,f3azul6
lidub1952fda,517i31982454,vmrojo14t
smqbx1915hkw,6nl831981onn,21rojo9r
mplso1931vyk,2sar7191432o,35blancox62
pqoma1969cwk,ll48y1971273,7blanco82
ugikm1893rsg,g148t1970pd3,xsazuln
dqcmo1961hyg,9bmil19002v4,9mrojoy2
syksk2008cat,4qmh51893a53,xblancov5
pshoc1898lgy,ybjq3197133m,4lazul41
iajqn1937nvz,1441o1981owp,q4rojoia9
udvra1992otn,3qa5t1984e8j,zblancof6
udhwa1991pus,f8n3319657ah,5azulj
ftxoz2018rjd,375b119601t6,8jblancoo
adcae1987adw,5tv661943u64,o3rojo76
hzedr1993tkr,to2vv19605z9,bazulx4
uzlns1998src,2lb2719667nu,nhazulb4
wqutj1917ycg,eskp4201324p,ahhazul9mn
kltod1902wzr,95xv71920tl7,4rojoh3
cyizw2008bjh,877681974b5a,v7blancon
mhnwq1980eou,136q418968q9,48rojotb
jnomb2004skd,8646j1908fk2,9azul5q1
dqtpe2014xkv,k48cx19612bi,553rojot8s
qknsb2006ueo,fp7o6195112p,288azul69
iudki1967khk,6ink41901u2i,8xbrojoc4c
xbqwe1965ofs,au43a19695f5,g58azulow
wqsmn1895twi,tg5gu1917xms,55blanco726
cpmjy1956fbu,ov1541931t15,3azul7
npeon1998hre,4o4y71988tho,7yblanco75n
glgfn1905fzl,wrgm3197538x,xnfrojo48
rpjvp1930ftk,1k9y51990wfp,xk8azul43
kuxda2017gcg,n9au319658jx,1azulj
nresq1994bbc,8io7m1915931,hzazul5ua
toegi1959fwe,728e31919mzt,ublanco8lz
eseig1990xwi,6jhgb19083i7,35blancos
gaote2016jao,jkomg1992134,235azuljrz
kuzks1958czi,x45ve19959q4,2hrojo3h
esabd1952sfx,9775h1972l33,26azul41
zdnun2018mju,il15v1894bar,q4ablanco7j3
zonfh2007ync,s2gfa1930sb1,iazuldt
csehn1923lmf,63k5a1998qsd,9eazulg
jmbqm1940kyr,569o8198756c,2blanco7x2
qujlw1917vej,31v861922kp2,ogrojo6
mtsmj1942kkq,9lagk199283y,5azulhf6
uwexj1893cad,e67ad197724v,277blancoqp
rhsgx1922xha,558ak201153f,6hazulf22
tagvd1900hld,hx42c1894b59,4jblanco389
iafri1939yil,535711954cfp,42rojos9
udjai1907lug,w3o481946ffd,176azul461
svfcq1936qrp,oxg3f19225t5,d3blanco29
obfcg1984qth,ejj68201695g,18vrojoes
bnpns1929sqv,8awbe1947bg9,7fblanco2i
lkkcq1989sqd,g1s89189264u,8azul46
wgdtn1947xij,6tr39192965h,g2azultv
aqpjb1907lej,4xa7l193278n,urojoy5
dltle2021rqe,b91sf19446i8,j35azulr67
urrsf1915puu,6vvrf1978o9r,drojo9l
iivvd1902xkg,y4t8h1970hp5,x8blanco7z
fdxdb1947rhe,6jef419861d8,o5blanco2l4
jvpmz1966xlp,l13b3196563g,26blancoq
qwyst1909thr,6582c1908pfj,47blancoh
jaakq1926fjr,3co13194746q,2iblanco33
wfhkb1971lxu,859vk19435o3,ayrojozo
zlule1898uzi,ru4q6190256c,9blanco1
ypsls1998jsl,673c91976g98,wrojoni
bstoc1901xdf,mtkqx1952vv7,9zazul1c
vmyhk1963zov,43plp1966rj3,bqhblanco74
boivq1994mna,6452y2013u4e,v62rojo3
dricc1956swg,8f216200443x,bblanco8a
cltwg1961hmq,37lc81991pri,8blancouw7
wmncb1910xuc,99m2820171uu,1yblancoymv
etbvq1986dxn,z16vz1930sat,7rojo51o
uzesq1953oxb,w8zzw2002c72,fiazul7ty
hovdk1975din,co4p41928g4m,uyblanco4
ieewl1958yjq,fj5g51954h35,64blanco4o
roiit1973qcd,t591w19075c5,mkazul73
cwegp1930stf,as8x42002f21,77blanco754
udhxw1949xoq,3wud41982662,7azul77
ibbtk1926wym,99m561943u17,99rojo1h
lukdo1899oxm,182yj19163xm,8rojoo
usysj2005fws,51fi21923wm9,4e3azuleaw
ssanb1941xwe,v1c221893pqa,9ublanco5
ujbyf1960vam,2q2n719787ty,xblancoo
oetpr1916jcp,xtq8c2010e67,i7rojoy5
cwhdb1982klc,ho63719938k3,tc4azul64
mkyjj2020nxj,5w47q190885z,bblancok
dbnbs2010olj,23r2219291pd,jvblancojgj
wrgzm1970epd,t14b9197259m,9i8rojoq74
szdoi1997bpf,558zk19968u8,dblancop2
tktfo1904ego,gau4o19792ek,9l7rojo8q
hruzl2013lyz,81z1519175g2,elrojo1
akbdd1935lpl,79wlp2021o82,4jrojoz
ankam1918vrg,lv73520137nm,i7rojo8j1
wrats1908yut,c146o2018ce3,barojo3v
chkwj1960qor,m396219414x7,54azul58
tszya1896juw,g8t8z19324lx,ablanco5l
rslbb1960xvl,w674419402z8,eazul95
erjfp1979yoc,t36472004bgb,e59blancoj9
ebojc1901wpd,n85o51932ea4,2dnrojo9t
tuzhj1985mcj,y3u5g19342b2,x35blanco95
wjfhh1903jxz,c951319586wp,4rojo2
mztmq1957lhu,981m91951zl1,5tblanco83
azgcn1951idf,28w7519401t4,yvazul6ya
ezcqy2007cmx,258mh19499fp,5azulu92
ysqgr1998fpu,yuxg12010278,4rrojom
qjlxu1912iaj,414b7200887h,zhgazulo8
mhwct2009zre,m2ykx189348i,773rojop9
hmnrv1924ict,twk6i1947jhb,4xblancoc13
mydtw1927kbe,5v649197012z,8rojo8b3
lahnm1921yar,1888p1918r4n,1qrojovn
loofw1975tce,v45951904llq,5azulfa
gdrff1971uyi,6mf552015q7t,1erojo3g6
jhptq1892xwi,233k11934t5n,7azulvu3
sftrk1934cnr,cxc832010jg2,frojo4
ucpiy1978uxb,2a29k2000rl5,j2azulk3
pwgax1971lyk,32cnh19423uf,3iazuli
ufsxd2011azq,9wqcl19549k5,87azul61
ycdlu2011cfj,774rv19492wd,ekrojofx
esxog2014mca,1k29720017hq,awcazulah9
dujwh1952cdu,lkn721983hnj,958rojo8
vffgz1961cha,155av199145k,u5blanco8j
xwgmj2008kbf,5stz119067y1,l19rojo9qx
oudrr2003rje,65g6519797au,pblanco971
efkub1935dlx,fof4m1987ze4,w5blancov7
aewkr1940xok,gc68y19714ga,9tgrojo1b
yekmr1940rvk,5xtae1943211,2eblancoh
oltjw1952zak,2216320152v8,hs6blanco6
ostov1974xjp,27cg318908gr,eazuls
uxxxu1971hnh,v1s5u197745o,g6rrojo85
qindq1959jtv,avk471987815,sazulnx
egrwg1917spg,r67lu194254y,72azul69i
ktgxa1936yrb,lt2z919238j7,75blanco27
mpukq2020tul,1kt6z1967ief,lazul6
usvxk1949kzc,5646o1941z8p,o6azuls6
ajeku2021xjb,fy3541942n69,h8blancowp
mfqki1894omb,325w619035e5,5azuli1
pldbe1938sik,w16si19191di,3azul33
jwvmp1896fco,y499y1927u62,hlblanco8
iabqd1905xvu,7183w1931339,m2blancox
gdlvl1891lvb,h912o1917wau,6eazuliye
rromx1928qml,81t6719178i3,99azul56x
rnzmh1988zqw,53p8z1914n9r,swkrojo67q
zoqbc1927pdc,gp13e194428v,keblanco5d
zskpi2013prp,v4p9i199077a,7qazul18h
cpnrv1987wxf,z9ph31932qw1,djrojo2c
rkofg1952idq,352sj1892o2f,7razulcb
arszu1933rxg,44gd420211kt,nuxazuleiv
tzcra1921azg,ouzw92017l9m,84rojorx
ugyto2013yjr,zgzyp1930997,hrojo14
vrvxl1956uxu,7565v1921u3i,23blanco46
bqkjk2007euq,4i7rn19073b4,b9rojo46
vvxvf1909rso,z4hgj19086j1,f6blancoe95
hgrzb1912igi,43g6i1995kmc,94rojom
wadls1919opz,6ys6819847hj,76azulcl
zwduj1971aoi,t813j2004478,drojo18
kiiel1966ffd,9291g194545b,lrojo4a
eumxs1933tzb,94v591970ye1,xtrojo385
bphyj1977ifd,hbp1v1895a6y,9blancom
uvwyg1943qiv,467xx20131wp,kvfazulnbb
caczl1917eyg,4td381987m7t,srazul14
wapyu2009uyh,v8w721968cr4,1rojo44
qirrb1897jbv,y61r61947h6m,d1blanco9k
lklhf1973sek,vt76t1900d35,3eazul5c
zhwkb1958kix,b6v861960r16,gblancon75
wcbin1922aea,q4u461942foo,lblanco99
fmehl2019tsl,68ek819819dn,m1qblancop5
zizjg2013jmh,37df919748c2,7rojo82
dwbtm1962hkb,6ji7k1957cj5,j8blancof3k
ovdrg2019rxl,1hb3c1959z35,h5projoj
ibwsp2019fqo,4271f20032v7,sxazulj
mlndh1901gyk,qqu241949873,qhxblancoq3d
sxgoa1978eto,dx1we1977n2m,2vazul5ti
ukvcr1895rnj,y963g2005fa2,eblanco7e
dzfpl1902ilu,61d7319275if,43blanco5q
chqxt1982eql,5n8s71991g9c,yh9azulh4
sxabl1894ulk,v6f3l19098h4,44azul6m
kfbuh1935naf,ske451959g28,wblanco7j7
cfvqx2001jwl,wh26b1929shn,7rojoza
xmivi1992ssj,i13v21976pgz,8irojo38
aiwfe1916uog,o4rlf19008n2,7pazuls8
jsdwk1994giv,ki9bd1893723,uablanco5
iyhbs2015agb,r2d1e192999r,2azul9a
rwowt1937oue,54bk31920461,xcrojo656
saork1900hvk,z42691948e3f,52blanco5
ujvwx1959dit,86dok199079s,ibrojoo
vcbmk1959jht,1s13l2018a7n,3zazul59
spmmj2006ckc,157f919794j5,yrojoyz
lyequ1999blw,119wv2011th8,94cazulv1
sftek1897iuj,z832t2013uz2,8crojogyw
mcvrw1932kld,j5h571924i7b,2i7blanco7r2
sfuke1968anc,y2r7x19846k4,2ablancoah
qoqkm1956fxy,tbq6z191858c,8i2rojom9
tfmya1901mcw,678h5201225m,z7azul2e
bcomx1933vbb,n65nr19386fp,7blancoir
hdwgm1904swn,3zyni2021y4n,j2rojoc6
buerl1903gyx,531fe1999ebb,hrojo3p
vazsa1949wop,hwp1619615l5,ablanco46
fmrcz1904etb,16iid1935we9,qvrojo7h
gbbgj1988xtd,gh8861894y19,h1rojof4
dwpmf1978sfz,x611819685n7,c2blanco23
lolrd2019hec,gj55619155g3,zcazul7i
txnps1895npk,9p3g31946145,hrojohu1
ylbho1916kxj,4gr431966542,2blanco72
pwdnv1928hwf,86i8f1894s9s,6blancoj9
fuoud2013vsr,c4c6o1950x69,f31blanco4
lvtou1981drt,4735a199641b,1blanco3kr
syriw1968vlh,emc671994g9z,yq9rojojy
eufyb2001kig,5911r1971ua4,4iblancolo
aoyqk1997vof,9q8b6199388f,pazulw9k
qzedw2011oco,9h5h31916g5a,t3rojovj
srxnr1937fgf,obszu19862mi,51rojos6
zdwmm1926bqc,77fom19218q4,11azul85y
hkklz1991bbi,i23d31940562,6xrojo59
mudtu1977umd,514tr1980m2u,kyrojo11
lmzjp1902gkr,6fx58193575a,255blanco225
dptji1931azu,wtx8d1966zd6,srojo3
dyxfe1910esi,1ss141904n91,3nnrojok6
xiuqd1898kml,77x2h1898es4,7yrojo68
dstnj1912zqi,v13jo1949jr6,wrojool
ntyre1916ewv,l792g1983b43,hrojofe
tzofw1973ubi,6s4l51998ejm,63rojojgf
ixjyo1965xog,9va6a1906g7t,644blanco8e
veapc1971tzv,1k28119847q7,4azul1
zdjoq2011fyv,sbyrq1914sqk,xlpazuls
clckz2012wfw,hp9951938u13,6krojo3
nfuws1953wop,9te941953v9n,1azuln29
fpsfr1961eda,yx5kk1918753,qazulo
ircxv1972cgl,v4j5m1977a34,bgblancoc6y
kbsox1958wfh,9oua119665og,xrojoib
fxqwm1982ict,56j121984o68,67rojop8
siduk1947rbk,535xu1993z1o,qkrojo1e
srgrp1980opt,bpyx2190114z,1gazul717
chgus1920zmx,8i3b42016nr9,guazul9k
hsqsi1912sgr,ck2sn19742gt,7sblanco6r
xmhxv1999vsv,768681978133,43blancork2
misen2003kry,12h971893dve,8ublancoz8l
gmkmb2010ope,4r3hp1910552,h1rojohj
xpdbr2007buc,75u6y19553z9,qrojozx
zaeqo1922lph,pv6pl19217h8,229rojo66
elszt2000ngz,kv8ga2001quo,a1krojo4e
wdwrm1968hlg,1abd519223dv,b7blanco9
zppdl1937cdm,4awc51978f94,b1vazulj1
lghhm1974ckc,361g619196pn,u73rojoch8
qwdzl1911fhv,9b8vu1895kew,6blancom
lbooz1989qel,9hf1119263w3,p6azuly73
cqbcw2019vsz,512x11959t9w,e2blanco7
kzhha1983kfv,o8l651998a92,z7azulv
cucan2009cch,tped81960c3e,i9blanco62
mxdit1909wzl,6j3if1902ak6,norojo1k
bsmgs1993gqe,ma6q519066g2,ny8blanco9
uqcey1947hls,269ye1981653,h7blancocc
fnqdf1999pbc,99fw81937164,pt8rojou2v
pdwqx1921fak,19fzc1995y5w,1azul2
dloun1962nmd,ier6819106ir,qiazulx2
fcvfx1963oim,i93y3190738d,qmblanco74s
zrtak1959rej,h9pe21896vly,5irojo8
wsloo1961zfq,dd48z1951v3m,strblanco47
ncmdm2007sqt,1y917195668v,9lblancopv
ktrkm2010stn,fpne418987tc,4o2blancoot
qbtcp1912iax,7111h1899l3l,4qblancox
pavbe2012jmh,z3vtp19358qe,75rojo4
hqbty1958ugz,d8ybs199991q,oblanco7
krzpg1947nvt,j56hh1984927,7wblancou7
ujjiy1922qrj,z3e6j1891643,iazulz5
zqddj1986uha,qd6lm1913749,2qazul9
gpund1913wzj,r9cqh19652u3,gblancos
eeoeq1990qdd,96hap1954532,y5grojo666
xskec1913pkm,2n6642012x5u,tazul596
spkfq1924glr,163jq1994783,lpazulff
iamab1898igp,cd6941993u2q,122rojor
kcxzz1994ynn,5san82020m25,ujblanco9f
bwxye1976ecr,a5wja1962g6n,94azul6e6
inlxf2020zly,xnwwa1988961,68azul56
fhboi1950fhk,444w819217y8,h1blanco188
tfgoe1940wqo,62f1q19781a9,6frojocr
wwtnx1991wfd,3s6v41950par,8bprojo3m
idrqq1922odp,uh41i19252m4,182rojo26h
oxwun1898xso,l3v922009395,x2blanco119
pqcip1907vms,5yfvx1925u29,66rrojo18x
ksvvl1959gek,xk9e4189581c,6kerojoo
lqmze1999ikh,7ksys1914ybp,a3blancou31
jmwaq2020cgx,53l582001ndj,tazulu3
srykm1989hrc,3f8g519389p7,5azul17t
rzkky2014dcz,52ey71910876,549azulbj
rvqnt1980pom,vkssg1923p6o,552rojo3v
frrjs1945can,4xpvl1962lry,orojoug
fzujo1953lac,k77ht1937k6o,sb2azul9
anfuc1957oix,185z519165kn,27hrojody
klwcm2011tyt,wt6b3191031k,eblanco9
upxqu1967ttv,p1jj61969z9e,b73blancoj
oxxbr1904amo,2n6y1197573g,srablancoh8
bezje1953zwa,17721190092x,118azulf7
zrbki1972alr,473cg2017316,58rojozcg
lyotv1952efv,h79ic1959b7r,59rojorm
cyqut1918tmn,954692005731,brojo86
wcjlw2018jpg,lkcw42017n3o,3jazul7
mhtdq1938vmq,6c2w51930242,4qazulqut
bwaae1962acl,qul131948f45,zbblanco68
lnwsy1972tvn,x368y19982q5,751blanco83
zdugv1901wpm,4os7o1940wyr,d6blanco43a
gqisi1993pan,x9la61991549,7irojo4
fnrcm1909trx,d67371970l44,cazulne
euaqa2000bru,gnztf19086ev,6qrojov9
cspnt1973qyj,85sn319564uq,f8rojoo
oebvd1925arv,w9p6v20064h4,7z6blanco56
ggcpj1976hkf,758141911ut1,33rojo2n
ubyud1955ryi,qc6cc1927ej8,2t4rojoh3
lxrkp2003wlk,cb4z71991aq6,874rojoz
bbrqq1977ojo,wv97o19714dl,6iblanco2
hnedu1920rsk,u124z2001249,jxblancosx
cfbky1916xdu,7qq791902j91,f9rojo7e
fekpj1957hed,oh8sb1976766,44vazuld
wjfdh1914ksm,6i11s19988u8,gu6blancox7
jebpc1901fqp,5q52s2012gz3,9srojoq4
zlrgs1964pil,5l1211894yk2,jarojoxg
iyenj2003wpa,ihf8p1897v29,1erojoao5
cpypt1965xyh,bh42e1962xm1,l9blanco841
zojbm1942xwu,tm2w619877sh,v3azul92
rwsti1930bqr,uyfla2018ban,yfazulz
pihnp1927xsv,xf4c41942dav,badblanco29
wlrpd1953gcr,uz22c20103n9,5blanco71
jaiui1974cld,79754196469b,62azul9y
sfzhi1926gzt,7188520056po,o89rojo43o
csniu1972typ,33z2k1927yps,zrojoi
ojtis2006wkb,ao7nq190559y,4azul793
cvmwy1991gjc,p8rq31910284,5rojop42
odxbi2002rrn,9tnsp1961zqx,z6blancog6
yncrs1909mnf,17a62193996u,trojolq
mievn2003apg,oj5a31979y53,92blanco62
wbwhp1980apu,r88r61977t76,grojow6
dnezo1982zhy,m4x87195855l,wprojoa4
dlpru1900mpf,yq79g197037s,huiazul45
mtwfl1900hye,ah1jv1990po5,x3azulb9
cqgrs1903wzb,q4esu2012617,92blancocsu
oiqae1949gtw,yvlt62014xf9,8eazule
ppliq2012xsn,tv4g11969q19,czazul8s
kjdjr1975wdv,m67161996161,7rojoe
shcrk1986dgr,3y1ha1897979,nqazulnf
efcoh1996rde,5uxsr2020au5,59azulo3
yfqie1943okm,tqpxs1896xnr,d4azulnfi
beuxy2002zoc,7wa9319619re,y73blancoa
gqkem1922xqr,w1f1i1949ba1,i5azul1a
spcvi2016jnf,8ya7o1944xgj,ak5azul3e
ngyjt1899jbp,fdew11935auq,r82blanco79
egewa1951dvg,23n9819578x2,171blanco9xb
pxjsz1990xib,je54l2015rtp,jrojo6nb
xgvvf1952bjd,opoyv199533g,jobblanco95
alptg1934gxv,o13le1908d16,97azuln
aqxhu1957mho,4txof193853r,dbblancow9
aushv1953yuq,6464l2017wvi,jrojo4
pteih1981abl,567341902u5q,i7blanco7
qjhhw1947ifj,zizp6190579a,6jblanco42
hjxzi1996vxr,8ndt21901pau,5qazullh
eeqxx1917qpg,sjs1t1929532,57rojopxo
upfsq1979abm,6ur2m1964fsg,szrojopd
ayqsm2002qvg,8o3b31992f58,f1blanco2
tsklv1939qig,757871983jxn,1v8rojop65
yldwy1992aox,52c8919655j9,v28rojo9hr
klnme1981spn,1a6a419239bs,m1blanco91
ezhea2014asr,7wt49201249y,ddazuliw
plvnb1957qqf,49136190654b,96blancoy
cltwv1907xnh,aan441991n47,eh2azulycf
mfeuj1893pgv,2h8ne19897r3,o59azul2
qereq1955ktp,g24921894bbi,31rojot1
qgeac1982ubh,849b319134rx,t2rojo4p
ankcq1952ggg,qk1nk2011hdp,4sblancoar
fgfur1958fsf,3vl9y1977by4,orojo261
oyipc1898ydu,9jvrd1955664,8azul66
ynkmt1961ank,5a2of1892jtv,46zazul75
bzvgv2000zgz,e4i9v1924vwp,3tlazul14
gpbmb1945vvb,w4xrf1955xil,b8azul43
vgbzr1983tkn,dkd8m19609x7,3x7azul8u
zzfzy1949wqs,f78c72014969,hblancoaz
qfetr1926ldu,6gyxh19093gh,84blanco3
hjheb1995sid,79ioy19237c8,o72blancom73
ufyja1974kgc,8oc591917n72,7rojooq
mcbav1944ksz,br5151975ho7,8blanco12
eiwcy1898ffl,21lre192826q,1nsazul97
losrm2016bcj,ma93a2005783,4wblanco41
iqjgq2006stc,779xc20213z1,x1fazulw1
dkzlr1940eeo,9142y1955f17,f5azul4gw
kurmy1904tkh,224b5200029d,x6azul9
bvekr1912qnw,339631962y49,74azulln8
ibxso1941shw,95q9t1926457,36azulf22
rvdke1953ccc,yc8ii19055fh,eazult
mkyqk1980hnf,yq2a820106zw,83blancoc4
jgpkh2009opz,7587h1901485,te4azulio6
nzcob1950wsv,r1hqz1908483,3blanco9i
fmmru1951qgc,87s5818936bf,qazul6a
wreea1896znn,qppgs1925yfk,arojod7p
nnmdq1962fes,a7yfv19903jt,7q3azul8a
pylre1950yyb,dc6n9198512f,2qblanco5
pthia1909rwz,q7x642007c55,21rojogb
shnxm2015epm,6c7zd1988jvk,bxrojo78
rglbm1900ohh,g1gq519764ui,mpyrojo76
kuuia1985upk,726ff190512n,xiazulmy
jpnig1973dpd,ngh592019wi1,p1drojosv
hujpa1903abc,377sl1938k3r,4zjblancos
whqqx1966ebp,cazwn195754l,xcblancol
uwywf1997odx,xyb2k1975cx6,673azul4
mxozi1976acy,4g2z519698nd,r2irojo237
nwjmg1923qhf,b7eke1921j1n,19vrojoyoc
opcwy2009eyk,x6ys92007kop,h5rojowu2
emzfd1920vyt,l66rr1916991,jazull58
ohbka1938yls,9av9l201672q,4blancoth
zoadz1985yyf,lbfpt1940h83,1qzazulq
njflq1989fed,33d1n1943e4k,5uazulk
nwkqk1994rvn,7o72a19538eq,2bazulim
vrvcu1916fpc,9e3ig19256mq,61blanco5
szylh1991yze,83c6w1899y22,6wqazulg6
aecvs1946vpq,i2w6v18987r1,13rojok5
myepe1938cyk,ywsa71890976,8moazul6q
jomdj1947glm,8996v1953f14,17tblancoms3
ynzcp1962cue,7av9p1976o85,nblanco1h3
ywayc1896vec,tl36y2002l14,9eblanco4
oklhs1968mvg,y77ow19398h9,i4rojort
kqten1956ruk,2igmx19629wt,4razul45y
nuhqx1992cut,v63c41956mc2,4azul75
yaplp1947ysq,24h9k1894ldn,1rojo4
ggvns1900zze,8g49919927pj,du5azul2
hdbfh1943khb,2t42220001c3,fjazul8
atcsc1961drw,jh6gc1922qn9,3blancob1
fkqqc1945ftl,67go42009564,v6blancor3d
nbeqf1923ggw,rds241981474,yxrojod
hjfof1935gfj,h42g51960bv9,hsazuln
wdyzq1992qbe,5zcy919203lf,5pazulbu8
sgbkd1976zbg,216431954zav,wazulu5
lktpb1900yvb,9l5m319926bq,95rojol2
ayifa1946phj,1q4b82017h1h,r2rojo83
tgofq1893ltv,ppn13197844i,5ablancoo
fzbhg1904nei,24zm61924xl9,3gazulnm9
utyvt1893hal,e4l511940td1,t5azulk
jtqgd1892ayq,ko46d1985v63,q9mrojobfy
clmfq1954jtn,j6w1620137lk,r2blancon
borkv1892iao,2j4a719263os,yazul36
hjagb2009zvn,fr564193281y,muerojofzu
pnffc1998nni,1ck921983646,nhblancozg
sbaqi2020giu,mg1171989per,o2brojo5z
xdwhx1973ddm,8xi931981b54,qazul499
lydbe1943ayu,tcs9u195414n,hsazulcft
qxgbs1915gcw,4t2ul1939518,f98azuln26
fudqr1942jmp,bxj9l1917vde,8fblancodn
iepzg1982vjr,qaflm19087rx,55yazuli1
phwyr1906dme,y9id819507yr,97rojo19
spjfb2003xoe,ab3272012n6b,44azul9y
armjl2003cqt,d27w92005f66,gazul11
ciijb1986pay,gga291954sn2,61ublancoht
okdoc1902cqj,p64n719519ug,2gazul75z
akvbi2000fzg,83u4h1991jvu,mblanco56
wiibp1933lxy,zxr4419976tt,99azul99
lauul1953bdp,51p2u19898zu,njazul51
zcotz1945fdc,j929j1900x2k,eblancogi
oklwb1927vgz,hu6y41939l62,krojo9i
hsuyp1923ugu,61zb919563ic,38krojoq96
zpeey1990xuj,15g9o1947h6u,77blancoy1x
fonmw1913zqc,onu4u1976su6,qnazul71a
aylzd1912rrs,834r11911y3v,dirojokg
ltcqg1893ojb,gc7a61901482,25qazul31
fabgi1912rxx,bpq9320151jb,zblanco42
tgqji1897iny,9wn52200397b,6tblancorg
wnpqw1904euo,c14ig19066z8,o4rojoie
ndqfo1997blw,45w711994511,23dazul437
xpfbm1911jvh,2yr7j19749rv,1vrojo44g
iqvhc1963nrz,j8le31915q2d,mrblanco4qa
pyhau1973vfv,k711n19783ly,tblancovvd
ovmkv1907oxj,5k16o20059kp,58rojoob1
vgusk1970vxd,3882619371o4,28blanco731
jqorm1906gsg,u78y71981ccu,zrojo3g
gxlti2017aki,mnm8g19243ui,k22rojoi8
wldzw1920ior,u64of1907o2d,5vazulcz
zmyvm2004iha,19qeq1992766,lkazulm3
wmxke1896rlr,d85551953762,1plazulq7
wwtpm1979pht,58e911972vgi,mqazul68
yzouj2014moo,m3n281992prr,pblancoov
nmdly1923sug,ojj131987hw5,29arojo4m6
devvq1972atf,y6o8f2008f54,o5sazuls6
gikqy1911tdt,2zryp19281h4,vazul9y
cumft1934qbn,3a6c21911n17,694rojo7h3
urhji1946jnx,qp1d71910f7p,ikrojoco
fitnr1901miy,7wzia1928ec5,wjmrojo6gk
nytiq1906ggq,uikge1975hu3,uxblancond
msudn1994sfx,97m881928c71,3gazul8x
smoic1949afv,r7gok1954141,28rojobh
fmflq1916qtp,8s5831973t8m,7vblancofh
wxyjc2005eks,1oun81981266,86zrojo3m6
fytwl2016law,4w5c220074g3,45rojov
hxzfi1899qed,lgcgh1982r1p,91blanco9
jfrdc1959mvb,dg77j1923p38,pblancoy9m
ypyjn2007rxl,e6195198473o,3qazul43
gjzno1981qtu,i76s3200498q,64rojog3
bcdzj1925oga,xhg1w2007rmf,nblanco6
dmrjs1911bjy,1bpo519749ms,z5azulqe
xcimi1989wxa,x3hn5192196z,4azul5s
